#1, J, Skblpgvhvgnstakniqoqsahkuljwpn, 3/20/1925 12:00:00 AM, 4, 0, a
#2, Dehmtrqxsfgklbvtooigw, Jtrnbsifutxnx, 12/20/2003 12:00:00 AM, 6, 0, b
#3, Kjpdclxplrxpab, Rvsi, 10/26/1920 12:00:00 AM, 7, 0, b
#4, Lyof, Tiohbbqmswjjdgosj, 8/10/1963 12:00:00 AM, 0, 0, a
#5, Phhflybqnnftadsginvhuyyiuocygkpeysiyyclibwcsfeb, Egcrdgppgfgdc, 6/2/1985 12:00:00 AM, 4, 0, b
#6, Lyqtencxmydoqksy, Esvitkwybcvfoyvsaarfkalvinwmrhlnettfcwo, 4/28/1900 12:00:00 AM, 8, 0, a
#7, Aocahtgshsvwmmpyxkaxmlofrjnqixwggi, Xgdesbryaa, 10/31/1915 12:00:00 AM, 8, 0, a
#8, Hjkqsfo, Pbvhg, 4/7/1998 12:00:00 AM, 1, 0, b
#9, Sqolkgtqanhkvqorpvdhrxidpdskkxfcuclgcohbvybceq, Vingixucu, 11/5/1936 12:00:00 AM, 2, 0, b
#10, Keoxswmfqpqy, Shwgwldtnydfaplffdxaptsxvmrpcdvq, 2/29/1964 12:00:00 AM, 2, 0, a
#11, Kmxyvlguxvmwwuomqokykwuvhkoj, Kexqjmknbmboxoxluxmbbfyggjmnumavuydbvbnhbcfhggwu, 11/4/1998 12:00:00 AM, 7, 0, b
#12, Objvbjayijugrglwjylehdteatlkligdhppeaumgp, Qakupgbnfgvnqviddspbmgqrkyufucilwsudfujxoysao, 4/10/1923 12:00:00 AM, 7, 0, b
#13, Lefnamthueocqdtgepffotauuphqmne, Sihhuejiinusonmxqqiiyqcwtpcbihdvhecn, 11/1/1962 12:00:00 AM, 2, 0, b
#14, Sppxvxetevpmasbl, Ayqryfyjevbrcbqmigatssfysyst, 4/13/1916 12:00:00 AM, 4, 0, a
#15, Xsjkjcpxtbuuupesaaxxbncu, Fkqqbxkysprk, 8/25/1959 12:00:00 AM, 1, 0, a
#16, Nkrtgdvftyclrnrjkqmonppaonfedny, Unfrjshxhxnfkjxanigcvebwamtsej, 6/6/2017 12:00:00 AM, 7, 0, b
#17, Ftdrktpgbfubyramlvcc, Jixv, 2/18/1938 12:00:00 AM, 5, 0, a
#18, Ycswhglagkpskraougexdbjtpppeqvi, Qqdiavdmseqqrqlkmbswuehvvalnnculnbuwunguphrabx, 6/29/1950 12:00:00 AM, 4, 0, b
#19, Tad, Lejytbmgeadptdmaqpkxerfhfuasyckqawlkalgxogrmae, 3/8/1951 12:00:00 AM, 7, 0, b
#20, Tmci, Yevhjjryluqklwlfuocfwlyaoeulhmnqnp, 12/12/1961 12:00:00 AM, 5, 0, b
#21, Ougwrcxbknshpmhxxkk, Rfgiijfgbkeowqpqdnwu, 6/22/1995 12:00:00 AM, 3, 0, a
#22, Vlefvnfpaddwgolvjcikxyqpobaos, Hclksbavedwmavcxugbrftyxfkailllkfw, 12/8/1900 12:00:00 AM, 9, 0, a
#23, Aurhjetnswtvlmrnylbpxgjlkiytryowq, Iyqqbrarhkybprprqvh, 2/3/1902 12:00:00 AM, 2, 0, b
#24, Mysgfruysbkrxqnauowgheobklqjqfbrxywdkjtmn, Vufgnuqlmvcxjwsruicqrowihapgnotdokojn, 9/20/1992 12:00:00 AM, 3, 0, a
#25, Mfenlblxuuxgolvarymkhrijcwstataamtxqqye, Aoads, 4/28/2002 12:00:00 AM, 8, 0, a
#26, Tlpcyqrlxnwvmrpq, Toamsanxrduktdkhfmtgusdkbxqsxobxpsdicgqml, 8/4/1959 12:00:00 AM, 5, 0, a
#27, Agucvuogowttkehmpmyk, Npfvchxihrgxlkdgraearosrneankxonu, 9/20/1969 12:00:00 AM, 1, 0, b
#28, Hxbsukbwwmljaroyyeiqxifiij, Sgrlehiimveofwcqy, 5/4/1904 12:00:00 AM, 8, 0, a
#29, Wdletkssmdaysfxruqtugrnhmfvdrhg, Eaqfjym, 7/26/1953 12:00:00 AM, 7, 0, b
#30, Qkfngtkjyvqwwqpmfoblpqrrfdvadovwagdjm, Jvcklumsbkkibytmidryx, 2/3/1902 12:00:00 AM, 1, 0, a
#31, Rbvxudsiiqedqv, Dtrbvrgxaklsv, 2/22/2001 12:00:00 AM, 3, 0, a
#32, Ojxkvnxyxcuaxckyglnobrfcwgpnoxue, Drkcppodtetuotdwbddgsaacycqctnrflwgkxtnhaxa, 12/19/1998 12:00:00 AM, 5, 0, b
#33, Iqdlcrqvlnldaquxpnrtwalgbyvrbqmhxaklhggmvlmcqm, Jgeqairlfiwuwmuakcsibkpscfcw, 7/17/1975 12:00:00 AM, 4, 0, a
#34, Rtmfofee, Jbwsosgggkilvawlhdqccmoegs, 2/22/1924 12:00:00 AM, 6, 0, b
#35, Rydvqidksvfwsvrlwvysxjsbxvugd, Inbvwxidnnxghdmv, 9/4/1915 12:00:00 AM, 0, 0, a
#36, Nvmkwj, Ahxbuseuutlgrybrugjqjbcvcvpjywyvceppclj, 9/13/1959 12:00:00 AM, 9, 0, b
#37, Uqfmjksbgpyboxnslnxqmpywjllbiqgqmoyqrmpiiqiir, Eumeocrrechaeupnlcjpeeeyllrf, 4/14/2016 12:00:00 AM, 6, 0, b
#38, Whjxjwcedsrjbodhcrfamlxobvc, Lclespxyvspuppxujaemrmcybbtabnooyrhhw, 1/30/1975 12:00:00 AM, 0, 0, a
#39, Hnnysncia, Atrymvxodmffhwiykrctwetgmvjtnyaejsfug, 10/20/1902 12:00:00 AM, 4, 0, b
#40, Jymcl, Vyikdjqalbwnrwcpksobtqvbodcnnnwdaaepcbsq, 8/1/1968 12:00:00 AM, 3, 0, a
#41, Xeipualtotqmgixxsbcjmimvbqjjfegpqevdqwrxwfwnf, Opegnqktqguahihtsjyxoketonvidwnfideopfknydnmlgs, 9/27/2004 12:00:00 AM, 7, 0, b
#42, Hogr, Qaduvhqsdiirqonpgxhhhmubrcbtmks, 1/18/1970 12:00:00 AM, 0, 0, b
#43, Ettc, Mqlvrqfrb, 9/13/2008 12:00:00 AM, 9, 0, b
#44, Ncedr, Jxrjmaojstupdtvhpuojjoufdiebrrosqcwv, 3/20/1931 12:00:00 AM, 4, 0, a
#45, Tfqqh, Yquyimac, 12/18/1939 12:00:00 AM, 2, 0, a
#46, Mhkslyiffhwepwm, Iugukmdpssnlyhcnsjmvyxqdpcukarwwxgfkau, 6/2/1927 12:00:00 AM, 0, 0, b
#47, Noxysu, Cktmwukflvtwctidnmxctxakdtqdowmqrceqqegre, 1/4/2020 12:00:00 AM, 7, 0, a
#48, Axswttvbcltslmonyhxlrrfsxla, Duijbyoojjnbinmjochjs, 11/4/1978 12:00:00 AM, 9, 0, a
#49, Upblqkesbopyoaersbangilutdafdiixruww, Lomqlloxffqnhhiyfxvlauqoimgenenuoowxcraqfme, 11/26/2008 12:00:00 AM, 0, 0, b
#50, Qgbnvxglrwsuqqgbbsagcpmsuxchxveoovgjnuq, Jkheojymmvdmfmwnkjyorrssaquoycthaarteokxlmiwbo, 12/24/1956 12:00:00 AM, 6, 0, b
#51, Iawaratyinwwaltlcrq, Vspbunlelwj, 8/12/1952 12:00:00 AM, 4, 0, a
#52, Wqvybbllsgemhmagtmtfpadhbrsrx, Vmvftragh, 10/24/1914 12:00:00 AM, 0, 0, a
#53, Emhhbnvuiuivtnyqwxdfnugjjyrhcdratfrfupkwfvthas, Mykpjmkbb, 9/2/2013 12:00:00 AM, 4, 0, a
#54, Qsnnoeriktdvuqvppynwdxdmjydjea, Ogclmgtajctfwuqaajgcyoalmntjjnnyrymqcqsrrfut, 2/24/1929 12:00:00 AM, 1, 0, a
#55, Jdpmwysoegvaa, Oqichiajaacbanpeldumbqcjaufkussh, 3/27/1990 12:00:00 AM, 1, 0, a
#56, Emxbqiekl, Oenslcroiwcfcuosgyjiejsbr, 2/7/1929 12:00:00 AM, 5, 0, b
#57, Mvxrdvftyxorhhwaentbqpbbfndahpxcwkrfgkqbwjniheo, Mfprhyq, 4/4/2013 12:00:00 AM, 5, 0, b
#58, Emnivjxjl, Uglgmafaqpqoyynyuwnlgboo, 9/28/1995 12:00:00 AM, 6, 0, b
#59, Oafwimsmqjihjuadpbgvockhtcmnqjwba, Peoeftfrtattwyujvmxpobjcwrmlppgtawsfugopktkwin, 2/19/1962 12:00:00 AM, 0, 0, b
#60, Rskoniupydygaqeequ, Oukdoojojqedcgnvk, 12/31/1913 12:00:00 AM, 1, 0, b
#61, Oytbmjytmhdjwgenlglqndtgjfu, Aqokgsmgfpumskxyqijikubtofiwnehvxepojoqhlaypkfrp, 11/17/1907 12:00:00 AM, 0, 0, b
#62, Hqyqmmjgdhaxpstwuayotyujkxhtwavqwacuuewo, Kcclnjasxitsnasnccximbldfsw, 9/10/1978 12:00:00 AM, 8, 0, a
#63, Obkrqmx, Xvydrlqcmylfh, 12/16/1936 12:00:00 AM, 8, 0, b
#64, Entpglcxqpxnumedjfaduaogbf, Lbforeghualpcpeptarv, 4/21/2017 12:00:00 AM, 9, 0, a
#65, Vrmuyvtbbxusitaaiuclgiyhgnpqm, Lhudnlkbspkuimpyjpoxollcywbynbnkjouicv, 9/19/1960 12:00:00 AM, 0, 0, a
#66, Iheggtqrtkhhrbrdmxvggy, Otuvmpkvtqvbppcqxwqurdpdswcdquujcwyyuaaoch, 5/1/2017 12:00:00 AM, 7, 0, b
#67, Chjavmookwsvgraxfxsupkhojkfedeaab, Sjxlbvcj, 11/10/1946 12:00:00 AM, 0, 0, a
#68, Ftfyqwumct, Uglceawbcdogfq, 7/11/1909 12:00:00 AM, 2, 0, b
#69, Ktcuqewswgxyqhgnuwvb, Dxebdpibabkwvtkixnkivvdyvmsfirtsoynppkuwip, 11/16/1957 12:00:00 AM, 5, 0, b
#70, Ehpcyirituhinnnafavjonorapheyjfhnbjersiis, Jpcacvdhqoqkkvitgmhkxhcsgpxfadek, 1/7/1906 12:00:00 AM, 4, 0, a
#71, Nsrv, Qqvfkttohmodii, 11/12/1962 12:00:00 AM, 9, 0, a
#72, Spvkupsfnugbsxu, X, 11/11/1954 12:00:00 AM, 8, 0, b
#73, Nyqmwssdgosf, Qxqnflmbuqckenw, 1/16/1946 12:00:00 AM, 6, 0, b
#74, Nucq, Tebuqkfyqpauhejrl, 2/6/1962 12:00:00 AM, 1, 0, a
#75, Qsargyjgyfabidmoxlinjjvjdkmgkauwhj, Wmbflinlkbkpcaaoajcihmpefrdqtbrmqadxiksjgdlirjk, 5/17/1933 12:00:00 AM, 2, 0, a
#76, Gpwawbsmrgmfpflgvasuypbgrxj, Xggvpevmgudqhmiisotgmectoyllbtgoxwtlx, 4/26/1986 12:00:00 AM, 1, 0, b
#77, Mqvqcrqtfiysxcdujcfkwfpbbaxdch, Uhjxlxthhmvdewsgmircrimdyctrpgthvht, 9/9/1940 12:00:00 AM, 9, 0, a
#78, Nghrhnxfyvioxrr, Becdpveecdjvwmumiixjvhedrsbajfvqxc, 10/23/1902 12:00:00 AM, 2, 0, a
#79, Hwjynoyihwqfsvvskj, Ejncsfhetfqgjxgtojnfxurfnltechdtlesxormdgkuteoqy, 11/4/2015 12:00:00 AM, 8, 0, a
#80, Agfcisyhyhhjfmhcuujwrnwlqgcalpoernjbtlm, Ylbropceucdcdjl, 12/1/1917 12:00:00 AM, 7, 0, b
#81, Bgknhpfokqbyfdjwhongmugqtvunfhlqloid, Xndn, 8/25/1984 12:00:00 AM, 1, 0, a
#82, Kkifrywjhkgxempannvxmcaeymcjkdpiifnlhqktrrjfhitj, Qqowobfy, 11/3/1916 12:00:00 AM, 2, 0, b
#83, Xexkfdgdfwcfxxwb, I, 2/24/1951 12:00:00 AM, 4, 0, a
#84, Frwhtea, Mgsugoyuaeibryewopmuylommbelpmsjjjtnobyihtteq, 12/1/1985 12:00:00 AM, 8, 0, a
#85, Agehupssi, Bbuuvwxt, 1/2/2008 12:00:00 AM, 2, 0, b
#86, Dhdyajgsspybydfmvairgqncwkrph, Ewukklhvpofvd, 2/22/2013 12:00:00 AM, 3, 0, b
#87, Errplaktymsxaxhknmsnujtkopc, Axbcqbpshuoifgtlhhrftywvkvhfmwdmvydtughvtrtoxjp, 5/26/1965 12:00:00 AM, 7, 0, a
#88, Twnulbv, Pdrjgecpecurejfaqtsteoaelekwuektiop, 3/5/1991 12:00:00 AM, 0, 0, b
#89, Avmnrqqlqcvwqxcrlumgbfarprafngol, Bcqcmbqfbymarogmwcjgrheyxl, 4/1/2002 12:00:00 AM, 2, 0, b
#90, Pxemuffbqaiyg, Qxnspohtlcmotqccdmnycgtrukvuguttbere, 2/20/1927 12:00:00 AM, 1, 0, b
#91, Cvqbkvsgs, Demiuoujyhfeetsmt, 12/30/2005 12:00:00 AM, 0, 0, b
#92, Nd, Qaeescdapdqovgymelqltqidsjkrgnnahsctmjgksufsoya, 11/16/1980 12:00:00 AM, 7, 0, a
#93, Wmqrvypyapgbisdskomlkrkvylpxwevtpdygywrmfcd, Dvrxvdrqmv, 8/31/1917 12:00:00 AM, 8, 0, a
#94, Uxrtomqnnodthaxvktdrptacjjc, Yvtpocrsb, 1/30/1910 12:00:00 AM, 9, 0, b
#95, Xxkhyvcqwkmywoydmtjphlnctowrvxcnfdpwwqwhuaulerqe, Wkvjgpntywerbvmrrriwdtldrykrvclhcqsaiyjglri, 5/18/1905 12:00:00 AM, 0, 0, b
#96, Gfvrvauetnfnchkpqfwhabjkmpebsm, Xfhhdnla, 6/7/1999 12:00:00 AM, 7, 0, a
#97, Vmsmakgfaa, Xqixpgmpxylrapbjavtprmqrrsykikygjpvcticcm, 8/26/1981 12:00:00 AM, 9, 0, a
#98, Bdlbytuef, Iaiv, 5/17/1998 12:00:00 AM, 8, 0, a
#99, Ybgowjtpyipqthhoyweolesxioeelqvkigw, Usbbkdkrcfuvaekiyumatwrbldlahhn, 12/25/2005 12:00:00 AM, 8, 0, b
#100, Sawgekguuaaqfeojvsgkcvdgdqpjfvirqlqksxaioljk, Xfnhsay, 6/17/1944 12:00:00 AM, 2, 0, a
#101, Dbmtpvjbvqscijhfdihvltpatouwphccwcptwfbgnjiqj, Tidkkdsvqefqgayqsfooyoaphnihfsoihkbegcmpxnnoqu, 8/22/2005 12:00:00 AM, 9, 0, b
#102, Msqcajiqhhhctvfxxkyqbgmnmugshrtu, Hmxloqixpknbcsyhr, 10/30/1953 12:00:00 AM, 4, 0, a
#103, Martqmeepsrbsitcaikxvq, Vmvdrdicaxnucewlenvhhisxtjokvhsuoisyt, 1/28/1925 12:00:00 AM, 8, 0, b
#104, Mjitjriegprfwbbybbrbnqhkswheknfclclkuwtbwmiqf, Emndpexlwtrwihijyuemxbrghroodmo, 3/3/1908 12:00:00 AM, 3, 0, a
#105, Teqqfkumokkdlioxkcgppuvqajwuwrmfya, Pxjwfxsauatijtlbaidspqxjn, 1/28/1936 12:00:00 AM, 6, 0, b
#106, Tdj, Xpm, 3/15/1967 12:00:00 AM, 8, 0, a
#107, Hfdddnanclps, Cdlxw, 3/21/1913 12:00:00 AM, 7, 0, a
#108, Pkefjigibfxdehdfufbregetbkm, Qwrsrphqkqdgrvpljobnfrkjuutsunucrjanrtbcvxonparf, 9/19/1922 12:00:00 AM, 6, 0, a
#109, Cfxqqjmlseneobyxvieagbbvjlbbmkcgsqdes, Mfxoelqtqovuxspnfcvtngrbxqojrqgtimckuqmhlohsq, 1/6/1931 12:00:00 AM, 2, 0, b
#110, Lyqtx, Mdaaonlxqhxonjmgauoovrxujlgqnahdwyujpaxifvx, 5/4/1967 12:00:00 AM, 3, 0, a
#111, Glxnyiwxduvxv, Yqwgkpfdvvsciufdekhclsodqpscpjivtospxsy, 2/6/1983 12:00:00 AM, 6, 0, a
#112, Gddbmhupcadnlvfuxvtmmv, Vqcltockixdyrkpcobolynskhlovqwwhbtrbpebfecenm, 5/27/2009 12:00:00 AM, 7, 0, b
#113, Nqsqflaamuvkjbcqgevaokgtrjergsmufevrlrg, Xwofckreposhstfromavkheufmklqufts, 1/18/2010 12:00:00 AM, 4, 0, a
#114, Afvlooxboucim, Xvdgbiuoatprptfbjppfxrcsokbgkykerdskjxvd, 4/16/2004 12:00:00 AM, 0, 0, b
#115, Spjpwurabxywbnuojk, Drynfovxqsabivjuhyccdamigvuon, 6/8/2002 12:00:00 AM, 4, 0, b
#116, Jweioifleammanwlowgmngg, Xwfalccfndhlggqjjaqnceirucmwtagwagcfjpf, 6/4/1985 12:00:00 AM, 9, 0, b
#117, Bvmkmehufftvdwrdwiuejharlijkfagxxboeor, Knkthsdxbpiawpqejvrqcwpskavyjdiderdb, 12/24/1937 12:00:00 AM, 4, 0, b
#118, Frtmfhudo, Aihfegwuahogybivgrljessrbmgn, 4/29/1923 12:00:00 AM, 6, 0, b
#119, Jgpuatjeqgfoajmorourvniuugqkegfppgsq, Yltngpiyeylkxqruvntcjhwyu, 3/31/1949 12:00:00 AM, 1, 0, b
#120, Wugxhdvhyrgasjekbcxvtvfblbyq, Tuo, 11/5/1983 12:00:00 AM, 4, 0, a
#121, Jhdrqagwgnbitlhwkhrouwfbap, Jgxfevpmpbsjpeomhypmmohvtfl, 5/14/1961 12:00:00 AM, 7, 0, b
#122, Xlwm, Butyxmg, 12/29/1980 12:00:00 AM, 8, 0, b
#123, Vcgs, Akcuulnbopbjcbujdxqipx, 6/15/1947 12:00:00 AM, 0, 0, b
#124, Iuxsfnjwyefwsofrmfqkosolw, Mebdigornvpfuwwhhkuukwbtbxireipqnbckmhmqchy, 1/31/2012 12:00:00 AM, 1, 0, b
#125, Bbxhkldsvbtamuwebpkfhbmxivk, Cbnvmskyttbcsui, 6/26/1976 12:00:00 AM, 0, 0, b
#126, Ypdsafhrgxt, Fqcnxmaggabimbqcptycssbwdlnmictchtkrtdy, 8/4/1932 12:00:00 AM, 2, 0, b
#127, Bodvrburrxj, Xrqtulridyi, 1/6/2004 12:00:00 AM, 4, 0, b
#128, Kojixgyckesxstgvjfhklvepmjkgkqamjghnenikar, Wfjbktcjybhmpbbcuwqcvwaxumamnayrkmnx, 3/21/1983 12:00:00 AM, 0, 0, b
#129, Gatwdkvr, Jwielidrxqlorwpvfibnw, 1/31/1901 12:00:00 AM, 4, 0, b
#130, Lpyiotf, Hxwcsqjkykh, 12/2/1946 12:00:00 AM, 4, 0, a
#131, Nctfhchlkjsxfkl, Giycnxkafdjywsuxnlsdkteqvadqopajaxislhgveale, 10/11/1904 12:00:00 AM, 7, 0, a
#132, Erxbxxdvudalxgmuljysjjq, Ihlrekvyvxrntxedyduuiqijlaaxwahcphblobcjl, 6/6/1921 12:00:00 AM, 9, 0, b
#133, Yvxcvdkyohohyrnphloowfqeksfggspj, Nbxswffjvmvlg, 7/28/1958 12:00:00 AM, 4, 0, a
#134, Oosoylueyfx, Pmmwajtbacoemncaykyrphcdlglyatfhhdandathigh, 1/10/1925 12:00:00 AM, 0, 0, b
#135, Ogkywyqgwajtpakdmdhcspaclndydkhcshfgvffnxmeiuo, Hw, 2/25/1941 12:00:00 AM, 0, 0, a
#136, Alvmwjvwsqfeixcwnyxefybp, Vnxroibxomifgvgdvubfrodwfowvom, 8/17/1998 12:00:00 AM, 9, 0, a
#137, Hflecvrxrexhuukdaapgoglb, Javfstg, 5/29/2015 12:00:00 AM, 1, 0, a
#138, Vqqvdccljaerjjekkmnivqrtbj, Patvaaevmakbwnwelbougmuglejpcuei, 2/3/1958 12:00:00 AM, 5, 0, a
#139, Sati, Wdcqsjlyyplwxcrsmknpubkseutsbxwncjsq, 6/17/1990 12:00:00 AM, 3, 0, b
#140, Rjohqrattj, Gckjpnkkwmcmwlfiyg, 9/26/2008 12:00:00 AM, 7, 0, b
#141, Hwkbckfsqrtvpqybygbtpkojatowhjnt, Gvowlwguagtphunhaijxrtycblrthlpyqnskdh, 4/21/1988 12:00:00 AM, 0, 0, a
#142, Ppymukohcycdskhweawhkmpvxbpucnmrmybxlxhpfpvmwjkr, Ijphppfmfk, 6/17/1936 12:00:00 AM, 9, 0, a
#143, Wwoikwlqkcmjgiqepcoeuv, Wbvivkcpwgspeygkucxroiejje, 11/22/1984 12:00:00 AM, 3, 0, a
#144, Odurxoexu, Vypewgmxbmsulcpaakciecugsdbrnefjenre, 10/30/1960 12:00:00 AM, 6, 0, a
#145, Rttynabhorwotiji, Bheaybqfnxaxbequxfxqkgcup, 1/8/1929 12:00:00 AM, 2, 0, b
#146, Mdhvgjxoldncewoamhrhrbsmdadrd, Sebesy, 8/15/1941 12:00:00 AM, 0, 0, a
#147, Gqotwjacajtteyuekqrgoexne, Irdjsbjhynggrupbpgnuh, 12/22/1975 12:00:00 AM, 2, 0, a
#148, Ynolgvthnuoggbskjgxpyrxwndmpsjptqaicckwdrvc, Vtweh, 9/4/1997 12:00:00 AM, 5, 0, b
#149, Wisrlmjbtfajhjbrsoibwaqjkqbtctwpjmrjadl, Hyfipjvdowqls, 3/10/2017 12:00:00 AM, 1, 0, a
#150, Utokhwrnlqrg, Avcoqtrdppcsemtlmrjwuynyp, 11/13/1918 12:00:00 AM, 7, 0, a
#151, Eqdub, Ldfjjrmgwhxfwmbrjuiatgmiemgxkuvph, 2/25/2014 12:00:00 AM, 4, 0, b
#152, Psjrqvvvpcnwuikeqgfymcbrhxdkpymacsnxqlpcqnwdwrj, Mxahfjsfudld, 7/17/1961 12:00:00 AM, 4, 0, b
#153, Ullxuwlmajdjbifooiujlhiebkcyleqclgs, Vw, 5/12/1965 12:00:00 AM, 2, 0, b
#154, Pgkxaeftodkmhreyltbeyiowqvx, Kjbeevmphjpyhrebfqqshvmovhjhryiussdgxbwnasf, 5/28/2018 12:00:00 AM, 5, 0, b
#155, Uwsmwxmhsflgniutdkmdafmscwuxsa, Nj, 6/20/2011 12:00:00 AM, 9, 0, b
#156, Vajgpkrxpsow, Crktophd, 5/1/1974 12:00:00 AM, 0, 0, b
#157, Jimlafbicoxhuutpmli, Xiimeusje, 10/2/1980 12:00:00 AM, 4, 0, a
#158, Rvgpvtbdhattrunj, Aayvatxcjkftocwqklimwkrbr, 3/15/1998 12:00:00 AM, 8, 0, a
#159, Jntdxcsebkohttmbgkndtdnv, Oeci, 7/30/1932 12:00:00 AM, 8, 0, b
#160, Egqxycitkclpdbnygaxyhqxjq, Tpvhfhgurhddkfggjihedsluscoirfqqw, 7/23/1921 12:00:00 AM, 1, 0, a
#161, Rswoeexvbhxgaqndifsmfpfwkcjfusysftlevmgjjsr, Ljwxgseqwylwiqeffnjkhhcsclpooqitd, 7/20/1930 12:00:00 AM, 0, 0, a
#162, Qnlmrxpfkqybirrryt, Gtbnclwmhiqhehsikwbsdfwinqewm, 9/10/2014 12:00:00 AM, 7, 0, a
#163, Npdgiugtnhjrggfktfgpxeqqhxxeykxelogtrftivl, Abowiyqkabkfalefbseafalxsry, 5/19/1951 12:00:00 AM, 0, 0, a
#164, Irdmwmxhm, Ricjojfbrwylslucgssscpdiewksqf, 11/26/1925 12:00:00 AM, 8, 0, b
#165, Dhbirmjquhty, Sqnfaahojpnhnqrloqowknqkwtsqnlv, 9/24/1939 12:00:00 AM, 6, 0, a
#166, Kmtssbrfrbqdfpuno, Dviopdiesypbyjbrxoots, 1/15/1908 12:00:00 AM, 1, 0, b
#167, Ueg, Kiggflfcdaylynyu, 11/2/1953 12:00:00 AM, 6, 0, a
#168, Tgbdtmrmhc, Ooxfxgqwrpddiqwjlkkbqyc, 4/19/1932 12:00:00 AM, 7, 0, a
#169, Iyysapikjknecxcdfbuganwl, Vmrttotngdxlbiecnxsrxtocipjwuqmswthmlcau, 7/3/1971 12:00:00 AM, 7, 0, b
#170, Gswxygql, Tuigyy, 9/13/2003 12:00:00 AM, 7, 0, a
#171, Aofybutghjponsalehovlvpmkvongtvnibgbrlmukqmebu, Womcygpsljwdeugjjpdpltbitqocrmko, 11/3/2015 12:00:00 AM, 6, 0, a
#172, T, Weemothbqoorxcaqwljyhnbtnyjt, 1/29/1949 12:00:00 AM, 6, 0, b
#173, Wbohofvswlrmnydccgdgwasfkyc, Dfpqwiowvjpjqkmwiitngnfastvwsbi, 1/4/2016 12:00:00 AM, 5, 0, a
#174, Bqhgwhybookospcdrttxjxfgecnpmjdt, Ad, 10/11/2003 12:00:00 AM, 2, 0, b
#175, Jqqicvfoqttxqmbrhqnfqqytfrtgrcdgocswger, Rhjdlptq, 5/11/1977 12:00:00 AM, 1, 0, a
#176, Fcwoocwpwnqbiwxxiktxgqlpxdbjnmxrmacbaffwucwyh, Bykwdelrenffiiaafhvlvnpxxgqahaysog, 5/15/1964 12:00:00 AM, 5, 0, b
#177, Vnixuuludblgg, Tymqhdjdspuoygqhjpjbcjkudxmdyae, 6/21/1993 12:00:00 AM, 1, 0, a
#178, Bxyordqrnplxthgiamirkfhcwvkuelfyaqlavxobev, Lcalyjidqxgevatbhjvdiukdmskqwodbmmwdqnfvf, 8/13/1920 12:00:00 AM, 6, 0, a
#179, Nknlwitmlwgoegibfakvqvuiik, Cscssxuuh, 11/22/1964 12:00:00 AM, 6, 0, b
#180, Reqpcdjvgciwrtvlougpefierndd, Neqpqmrnxpypqjakjoiradvgygbmugfgaglooymbpciv, 4/3/1953 12:00:00 AM, 7, 0, b
#181, Gaprxmcjdodaysyocwljdusevsgbwnugwea, Ptccpiwevmsmeriwbaysro, 10/30/1950 12:00:00 AM, 7, 0, b
#182, Awtkrxajlidm, Uayublceiwfkqcbilspnknujvp, 7/22/1907 12:00:00 AM, 7, 0, b
#183, Vrivphwvepgrwomfcqdcqrenrep, Lytgfvfevbghuskcpjogkohtihtkmnjduptq, 6/12/2000 12:00:00 AM, 1, 0, a
#184, Yixncdnqacloywhwklbjunykdlomany, Ruatahsqxughlstukhhsnblsirbiwlniuumpuvuvpoxlcvp, 1/12/1964 12:00:00 AM, 0, 0, b
#185, Vwbxovxhvundtvifuhfrsjti, Vccydbiroqxdyqpaody, 3/10/1901 12:00:00 AM, 4, 0, b
#186, Jwtrfsmdygyccptnbifnrstpwoc, Gvuxib, 12/19/2004 12:00:00 AM, 1, 0, b
#187, Bgyysdcuixarqqudynkcystoprnlqiktorxjun, Dgbffqaiqsqrxihjexedralv, 12/12/1913 12:00:00 AM, 5, 0, a
#188, Lvkw, Mxdajlgonfiomigutohfoqdpiys, 10/31/1954 12:00:00 AM, 9, 0, b
#189, Khaggkeaoreilwjxhntedktflfkutmjnwhtiqfphvuok, Mdaohrfosjrvbbqbxhwumophqeoekrkeyqypwcvlihcw, 3/11/1985 12:00:00 AM, 5, 0, b
#190, Bngustxejefhhuoheqouaaedufanxjcyuqnvdnswqysnhvhx, Dehdqaphqfb, 10/16/1948 12:00:00 AM, 8, 0, a
#191, Qfaeqfotkshcwhccfxbjqwgsgdiffrrxibcvhjtnigaiy, Ajvfexqoqrgdqmfeabwlbn, 4/14/1909 12:00:00 AM, 4, 0, b
#192, Blf, Eulslkmlrwkmavi, 9/11/1968 12:00:00 AM, 8, 0, b
#193, Gjjeqlijkidsu, Bhejtkdymusjmssnfesx, 5/15/1945 12:00:00 AM, 4, 0, a
#194, Adteyvutoelgimdyggonpwkty, Tanroleerwmyktaaxvmgydcjfkaebylcdbmcfqlagi, 1/19/1951 12:00:00 AM, 8, 0, b
#195, Bfbgsvmuoquaursmurbbwdoriusvpjaihrdxgmmyxgdjjdp, Bytgarguplyqsfldtwvggyw, 4/10/1969 12:00:00 AM, 2, 0, b
#196, Txdifmtufyeauvnjc, Yapomfkabppolwjg, 10/8/1970 12:00:00 AM, 2, 0, a
#197, W, Kiawnivifyqfnkderessmdjrxbpvxlvdbf, 1/11/1914 12:00:00 AM, 5, 0, b
#198, Gpldgaawohfulxecqe, Cqwkpatnkdenymqoygglnddxxxbmmcrldjqgloug, 5/20/1900 12:00:00 AM, 8, 0, a
#199, Pmmfmwmuyhacoxgxsumxm, Rrlyjyshxxqbmpryegihjblfeqb, 1/19/1994 12:00:00 AM, 9, 0, a
#200, Shpfeahpkgplqymlrtwdkqvgniqxvvbkdbdciugpiyyk, Ewnooxnyartqjrsaiwgihhkltfghedhlqlxbsafrjo, 1/19/1967 12:00:00 AM, 4, 0, b
